<?xml version="1.0" encoding="UTF-8"?>
<configuration scan="true">

  <!-- Console appender (still useful for docker logs) -->
  <appender name="CONSOLE" class="ch.qos.logback.core.ConsoleAppender">
    <encoder>
      <pattern>%d{yyyy-MM-dd HH:mm:ss.SSS} %-5level [%thread] %logger{36} - %msg%n</pattern>
    </encoder>
  </appender>

  <!-- Rolling file appender -->
  <appender name="FILE" class="ch.qos.logback.core.rolling.RollingFileAppender">
    <file>logs/app.log</file>
    <rollingPolicy class="ch.qos.logback.core.rolling.TimeBasedRollingPolicy">
      <!-- daily rollover, keep 14 days -->
      <fileNamePattern>logs/app.%d{yyyy-MM-dd}.log.gz</fileNamePattern>
      <maxHistory>14</maxHistory>
    </rollingPolicy>
    <encoder>
      <pattern>%d{yyyy-MM-dd HH:mm:ss} %-5level %logger{36} - %msg%n</pattern>
    </encoder>
  </appender>

  <!-- root logger -->
  <root level="INFO">
    <appender-ref ref="CONSOLE" />
    <appender-ref ref="FILE" />
  </root>

  <!-- optionally set package-specific log levels -->
  <logger name="org.hibernate" level="WARN"/>
  <logger name="org.springframework" level="INFO"/>

</configuration>
